kode_klasifikasi;nama_klasifikasi;masa_aktif;masa_inaktif;status_akhir;klasifikasi_keamanan;hak_akses;unit_pengolah
KP.01;Bezzeting/Data Persediaan Pegawai;2;3;Musnah;Biasa/Terbuka;Pejabat Pimpinan Tinggi Pratama;Biro SDM
KP.02.01;Usulan Permintaan Formasi;2;3;Musnah;Terbatas;Pejabat Pimpinan Tinggi Pratama;Biro SDM
KP.02.02;Persetujuan/Penetapan Formasi Pegawai;2;3;Musnah;Terbatas;Pejabat Pimpinan Tinggi Pratama;Biro SDM
KP.02.03;Penetapan Formasi Khusus;2;3;Musnah;Terbatas;Pejabat Pimpinan Tinggi Pratama;Biro SDM
KP.03.01;Penerimaan Pegawai (Pengumuman, Lamaran, Seleksi);2;2;Musnah;Biasa/Terbuka;Pejabat Pimpinan Tinggi Pratama;Biro SDM
KP.03.02;Pengangkatan CPNS dan PNS;2;2;Musnah;Biasa/Terbuka;Pejabat Pimpinan Tinggi Pratama;Biro SDM
KP.03.03;Prajabatan;2;2;Musnah;Biasa/Terbuka;Pejabat Pimpinan Tinggi Pratama;Biro SDM
KP.03.04;Penempatan Pegawai;2;2;Musnah;Biasa/Terbuka;Pejabat Pimpinan Tinggi Pratama;Biro SDM
KP.04.01;Hasil Ujian Penyesuaian Ijazah;2;2;Musnah;Terbatas;Pejabat Pimpinan Tinggi Pratama;Biro SDM
KP.04.02;Hasil Ujian Dinas;2;2;Musnah;Terbatas;Pejabat Pimpinan Tinggi Pratama;Biro SDM
KP.04.03;Hasil Uji Kompetensi;2;2;Musnah;Terbatas;Pejabat Pimpinan Tinggi Pratama;Biro SDM
KP.05.01;Nota Persetujuan/Pertimbangan Kepala BKN;1;9;Musnah;Terbatas;Pejabat Pimpinan Tinggi Pratama;Biro SDM
KP.05.02;Kenaikan Pangkat/Golongan;1;9;Musnah;Terbatas;Pejabat Pimpinan Tinggi Pratama;Biro SDM
KP.05.03;Kenaikan Gaji Berkala;1;9;Musnah;Terbatas;Pejabat Pimpinan Tinggi Pratama;Biro SDM
KP.05.04;Penyesuaian Masa Kerja;1;9;Musnah;Terbatas;Pejabat Pimpinan Tinggi Pratama;Biro SDM
KP.05.05;Mutasi Keluarga;1;9;Musnah;Terbatas;Pejabat Pimpinan Tinggi Pratama;Biro SDM
KP.05.06;Usul penetapan perubahan data dasar/status/kedudukan hukum pegawai;1;9;Musnah;Terbatas;Pejabat Pimpinan Tinggi Pratama;Biro SDM
KP.05.07;Penyesuaian Tunjangan Kinerja;1;9;Musnah;Terbatas;Pejabat Pimpinan Tinggi Pratama;Biro SDM
KP.05.08;Promosi;1;9;Musnah;Terbatas;Pejabat Pimpinan Tinggi Pratama;Biro SDM
KP.05.09;Rotasi;1;9;Musnah;Terbatas;Pejabat Pimpinan Tinggi Pratama;Biro SDM
KP.05.10;Perencanaan Suksesi Pegawai;1;9;Musnah;Terbatas;Pejabat Pimpinan Tinggi Pratama;Biro SDM
KP.05.11;Seleksi Terbuka;1;9;Musnah;Terbatas;Pejabat Pimpinan Tinggi Pratama;Biro SDM
KP.05.12;Alih Tugas;1;9;Musnah;Terbatas;Pejabat Pimpinan Tinggi Pratama;Biro SDM
KP.06.01;Pengangkatan Pegawai;1;9;Musnah;Terbatas;Pejabat Pimpinan Tinggi Pratama;Biro SDM
KP.06.02;Pemberhentian Pegawai;1;9;Musnah;Terbatas;Pejabat Pimpinan Tinggi Pratama;Biro SDM
KP.06.03;Pemberhentian Pegawai tanpa Hak Pensiun;1;9;Musnah;Terbatas;Pejabat Pimpinan Tinggi Pratama;Biro SDM
KP.07.01;Pelaksana Tugas (Plt);1;1;Musnah;Biasa/Terbuka;Pejabat Pimpinan Tinggi Pratama;Biro SDM
KP.07.02;Pelaksana Harian (Plh);1;1;Musnah;Biasa/Terbuka;Pejabat Pimpinan Tinggi Pratama;Biro SDM
KP.08.01;Data/Keterangan Pegawai;1;2;Musnah;Terbatas;Pejabat Pimpinan Tinggi Pratama;Biro SDM, Balai Besar/Balai, Loka
KP.08.02;Kartu Pegawai;1;9;Musnah;Terbatas;Pejabat Pimpinan Tinggi Pratama;Biro SDM
KP.08.03;Karis/Karsu;1;9;Musnah;Terbatas;Pejabat Pimpinan Tinggi Pratama;Biro SDM
KP.08.04;Kartu Taspen;1;9;Musnah;Terbatas;Pejabat Pimpinan Tinggi Pratama;Biro SDM
KP.08.05;Kartu Askes/BPJS/Jamkesmen;1;9;Musnah;Terbatas;Pejabat Pimpinan Tinggi Pratama;Biro SDM
KP.09.01;Penilaian Prestasi Kerja;1;9;Musnah;Terbatas;Pejabat Pimpinan Tinggi Pratama;Biro SDM
KP.09.02;Pembinaan Mental;1;2;Musnah;Terbatas;Pejabat Pimpinan Tinggi Pratama;Biro SDM
KP.09.03;Disiplin Pegawai;1;2;Musnah;Terbatas;Pejabat Pimpinan Tinggi Pratama;Biro SDM
KP.09.04;Tanda Jasa/Penghargaan;1;9;Musnah;Biasa/Terbuka;Pejabat Pimpinan Tinggi Pratama;Biro SDM
KP.10.01;Pengangkatan Jabatan Fungsional Tertentu;1;9;Musnah;Terbatas;Pejabat Pimpinan Tinggi Pratama;Biro SDM
KP.10.02;Kenaikan Jenjang Jabatan Fungsional Tertentu;1;9;Musnah;Terbatas;Pejabat Pimpinan Tinggi Pratama;Biro SDM
KP.10.03;Pemindahan Jabatan Fungsional Tertentu;1;9;Musnah;Terbatas;Pejabat Pimpinan Tinggi Pratama;Biro SDM
KP.11.01;Kesehatan/Rekam Medik;1;2;Musnah;Terbatas;Pejabat Pimpinan Tinggi Pratama;Biro SDM
KP.11.02;Cuti;1;2;Musnah;Biasa/Terbuka;Pejabat Pimpinan Tinggi Pratama;Biro SDM, Balai Besar/Balai, Loka
KP.11.03;Rekreasi/Kesenian/Olahraga/HUT/Kegiatan Keagamaan;1;2;Musnah;Biasa/Terbuka;Pejabat Pimpinan Tinggi Pratama;Biro SDM, Balai Besar/Balai, Loka
KP.11.04;Bantuan Sosial;1;2;Musnah;Biasa/Terbuka;Pejabat Pimpinan Tinggi Pratama;Biro SDM, Balai Besar/Balai, Loka
KP.11.05;Pinjaman Dana dan Perumahan;1;2;Musnah;Terbatas;Pejabat Pimpinan Tinggi Pratama;Biro SDM, Balai Besar/Balai, Loka
KP.11.06;Tunjangan;1;9;Musnah;Terbatas;Pejabat Pimpinan Tinggi Pratama;Biro SDM
KP.12;Perselisihan/Sengketa/Keberatan Pegawai;1;2;Musnah;Terbatas;Pejabat Pimpinan Tinggi Pratama;Biro SDM
KP.13.01;Organisasi Non Kedinasan KORPRI;1;1;Musnah;Biasa/Terbuka;Pejabat Pimpinan Tinggi Pratama;Biro SDM
KP.13.02;Organisasi Non Kedinasan Dharma Wanita;1;1;Musnah;Biasa/Terbuka;Pejabat Pimpinan Tinggi Pratama;Biro SDM
KP.14;Berkas Perorangan Pegawai;1;9;Musnah;Terbatas;Pejabat Pimpinan Tinggi Pratama;Biro SDM
KP.15;Manajemen Talenta;2;3;Musnah;Terbatas;Pejabat Pimpinan Tinggi Pratama;Biro SDM
KP.16;Sistem Merit;2;3;Permanen;Terbatas;Pejabat Pimpinan Tinggi Pratama;Biro SDM
KP.17;Indeks Profesionalitas;2;3;Permanen;Terbatas;Pejabat Pimpinan Tinggi Pratama;Biro SDM
OT.01.01;Analisis Kelembagaan (Pembentukan/Perubahan/Pembubaran Unit Kerja);1;4;Permanen;Biasa/Terbuka;Pejabat Pimpinan Tinggi Pratama;Biro Hukum dan Organisasi
OT.01.02;Evaluasi Kelembagaan (Perubahan/Penyempurnaan Organisasi);1;3;Permanen;Biasa/Terbuka;Pejabat Pimpinan Tinggi Pratama;Biro Hukum dan Organisasi
OT.01.03;Reformasi Birokrasi;1;3;Permanen;Biasa/Terbuka;Pejabat Pimpinan Tinggi Pratama;Biro Hukum dan Organisasi
OT.02.01;Penyusunan Standar/Pedoman/Prosedur Kerja/Juklak/Juknis;1;4;Permanen;Terbatas;Pejabat Pimpinan Tinggi Pratama;Biro Hukum dan Organisasi
OT.02.02;Monitoring dan Evaluasi SOP;1;4;Permanen;Terbatas;Pejabat Pimpinan Tinggi Pratama;Biro Hukum dan Organisasi
OT.02.03;Sistem Manajemen Mutu;1;4;Permanen;Terbatas;Pejabat Pimpinan Tinggi Pratama;Biro Hukum dan Organisasi
OT.03.01;Layanan Pengaduan Masyarakat;1;2;Musnah;Terbatas;Pejabat Pimpinan Tinggi Pratama;Biro Hukum dan Organisasi
OT.03.02;Layanan Komunikasi Informasi Edukasi;1;2;Musnah;Biasa/Terbuka;Pejabat Pimpinan Tinggi Pratama;Biro Hukum dan Organisasi
OT.03.03;Layanan Informasi Publik;2;3;Musnah;Biasa/Terbuka;Pejabat Pimpinan Tinggi Pratama;Biro Hukum dan Organisasi
OT.03.04;Pengembangan Layanan Publik;2;3;Musnah;Biasa/Terbuka;Pejabat Pimpinan Tinggi Pratama;Biro Hukum dan Organisasi
HK.01;Program Legislasi;2;3;Permanen;Biasa/Terbuka;Pejabat Pimpinan Tinggi Pratama;Biro Hukum dan Organisasi
HK.02.01;Produk Hukum yang Bersifat Pengaturan (RUU/Perpu, PP, Perpres, PerBPOM);1;3;Permanen;Biasa/Terbuka;Pejabat Pimpinan Tinggi Pratama;Biro Hukum dan Organisasi
HK.02.02;Produk Hukum yang Bersifat Penetapan (Keputusan, Surat Edaran, Instruksi);1;3;Permanen;Biasa/Terbuka;Pejabat Pimpinan Tinggi Pratama;Biro Hukum dan Organisasi
HK.03;Dokumentasi Hukum;1;2;Musnah;Biasa/Terbuka;Pejabat Pimpinan Tinggi Pratama;Biro Hukum dan Organisasi
HK.04.01;Penanganan Perkara Perdata/Niaga;2;8;Musnah;Terbatas;Pejabat Pimpinan Tinggi Pratama;Biro Hukum dan Organisasi
HK.04.02;Penanganan Perkara Praperadilan;2;8;Musnah;Terbatas;Pejabat Pimpinan Tinggi Pratama;Biro Hukum dan Organisasi
HK.04.03;Penanganan Perkara Pidana;2;8;Musnah;Terbatas;Pejabat Pimpinan Tinggi Pratama;Biro Hukum dan Organisasi
HK.04.04;Penanganan Perkara Peradilan Tata Usaha Negara (TUN);2;8;Musnah;Terbatas;Pejabat Pimpinan Tinggi Pratama;Biro Hukum dan Organisasi
HK.05;Penanganan Perkara Non Litigasi;2;8;Musnah;Terbatas;Pejabat Pimpinan Tinggi Pratama;Biro Hukum dan Organisasi
HK.06.01;Pertimbangan Hukum Permasalahan di Bidang Obat dan Makanan;2;1;Musnah;Terbatas;Pejabat Pimpinan Tinggi Pratama;Biro Hukum dan Organisasi
HK.06.02;Pertimbangan hukum Lainnya di Lingkungan BPOM;2;1;Musnah;Terbatas;Pejabat Pimpinan Tinggi Pratama;Biro Hukum dan Organisasi
HK.07;Sosialisasi/Penyuluhan/Pembinaan Hukum;2;1;Musnah;Biasa/Terbuka;Pejabat Pimpinan Tinggi Pratama;Biro Hukum dan Organisasi
PR.01.01;Rencana Pembangunan Jangka Menengah Nasional (RPJMN);2;3;Permanen;Biasa/Terbuka;Pejabat Pimpinan Tinggi Pratama;Biro Perencanaan dan Keuangan
PR.01.02;Rencana Pembangunan Jangka Menengah/Master Plan (RPJM/MP);2;3;Permanen;Biasa/Terbuka;Pejabat Pimpinan Tinggi Pratama;Biro Perencanaan dan Keuangan
PR.02.01;Usulan Unit Kerja beserta Data Pendukung;2;1;Musnah;Biasa/Terbuka;Pejabat Pimpinan Tinggi Pratama;Biro Perencanaan dan Keuangan
PR.02.02;Program Kerja Tahunan Unit Kerja;2;3;Musnah;Biasa/Terbuka;Pejabat Pimpinan Tinggi Pratama;Biro Perencanaan dan Keuangan
PR.02.03;Program Kerja Tahunan Instansi;2;3;Permanen;Biasa/Terbuka;Pejabat Pimpinan Tinggi Pratama;Biro Perencanaan dan Keuangan
PR.03.01;Penetapan/Kontrak Kerja Kepala BPOM dan Pejabat Eselon I;3;4;Permanen;Biasa/Terbuka;Pejabat Pimpinan Tinggi Pratama;Biro Perencanaan dan Keuangan
PR.03.02;Penetapan/Kontrak Kerja Pimpinan Unit Kerja (Eselon II dan Kepala UPT);3;4;Musnah;Biasa/Terbuka;Pejabat Pimpinan Tinggi Pratama;Biro Perencanaan dan Keuangan
PR.04.01;Indikator Kinerja Utama BPOM;2;3;Permanen;Biasa/Terbuka;Pejabat Pimpinan Tinggi Pratama;Biro Perencanaan dan Keuangan
PR.04.02;Indikator Kinerja Utama Unit Kerja;2;3;Musnah;Biasa/Terbuka;Pejabat Pimpinan Tinggi Pratama;Biro Perencanaan dan Keuangan
PR.05.01;RKA-KL/Pagu Indikatif/Sementara;1;2;Musnah;Biasa/Terbuka;Pejabat Pimpinan Tinggi Pratama;Biro Perencanaan dan Keuangan
PR.05.02;Pagu Definitif;1;2;Musnah;Biasa/Terbuka;Pejabat Pimpinan Tinggi Pratama;Biro Perencanaan dan Keuangan
PR.05.03;DIPA;1;3;Musnah;Biasa/Terbuka;Pejabat Pimpinan Tinggi Pratama;Biro Perencanaan dan Keuangan
PR.05.04;POK;1;3;Musnah;Biasa/Terbuka;Pejabat Pimpinan Tinggi Pratama;Biro Perencanaan dan Keuangan
PR.05.05;Target PNBP;2;3;Musnah;Biasa/Terbuka;Pejabat Pimpinan Tinggi Pratama;Biro Perencanaan dan Keuangan
PR.06.01;Rencana Kinerja Tahunan Unit Kerja;1;2;Musnah;Biasa/Terbuka;Pejabat Pimpinan Tinggi Pratama;Biro Perencanaan dan Keuangan
PR.06.02;Rencana Kinerja Tahunan Instansi;1;3;Permanen;Biasa/Terbuka;Pejabat Pimpinan Tinggi Pratama;Biro Perencanaan dan Keuangan
PR.07;Perjanjian Kinerja;3;2;Permanen;Biasa/Terbuka;Pejabat Pimpinan Tinggi Pratama;Biro Perencanaan dan Keuangan
PR.08.01;Laporan Bulanan;1;1;Musnah;Biasa/Terbuka;Pejabat Pimpinan Tinggi Pratama;Biro Perencanaan dan Keuangan
PR.08.02;Laporan Triwulan;1;1;Musnah;Biasa/Terbuka;Pejabat Pimpinan Tinggi Pratama;Biro Perencanaan dan Keuangan
PR.08.03;Laporan Semesteran;1;1;Musnah;Biasa/Terbuka;Pejabat Pimpinan Tinggi Pratama;Biro Perencanaan dan Keuangan
PR.08.04;Laporan Tahunan Unit Kerja;1;1;Musnah;Biasa/Terbuka;Pejabat Pimpinan Tinggi Pratama;Biro Perencanaan dan Keuangan
PR.08.05;Laporan Tahunan UPT;2;3;Permanen;Biasa/Terbuka;Pejabat Pimpinan Tinggi Pratama;Biro Perencanaan dan Keuangan
PR.08.06;Laporan Tahunan BPOM;2;3;Permanen;Biasa/Terbuka;Pejabat Pimpinan Tinggi Pratama;Biro Perencanaan dan Keuangan
PR.08.07;Laporan Insidental;2;3;Musnah;Biasa/Terbuka;Pejabat Pimpinan Tinggi Pratama;Biro Perencanaan dan Keuangan
PR.09.01;Laporan Kinerja Unit Kerja;1;2;Musnah;Biasa/Terbuka;Pejabat Pimpinan Tinggi Pratama;Biro Perencanaan dan Keuangan
PR.09.02;Laporan Kinerja UPT;2;3;Permanen;Biasa/Terbuka;Pejabat Pimpinan Tinggi Pratama;Biro Perencanaan dan Keuangan
PR.09.03;Laporan Kinerja BPOM;2;3;Permanen;Biasa/Terbuka;Pejabat Pimpinan Tinggi Pratama;Biro Perencanaan dan Keuangan
PR.10.01;Evaluasi Program Unit Kerja;1;2;Musnah;Biasa/Terbuka;Pejabat Pimpinan Tinggi Pratama;Biro Perencanaan dan Keuangan
PR.10.02;Evaluasi Program BPOM;2;3;Permanen;Biasa/Terbuka;Pejabat Pimpinan Tinggi Pratama;Biro Perencanaan dan Keuangan
KU.01;Rencana Anggaran Pendapatan dan Belanja Negara (RAPBN);2;5;Musnah;Terbatas;Pejabat Pimpinan Tinggi Pratama;Biro Perencanaan dan Keuangan
KU.02.01;Pengajuan UP/TUP;2;3;Musnah;Terbatas;Pejabat Pimpinan Tinggi Pratama;Biro Perencanaan dan Keuangan
KU.02.02;Pencairan Anggaran (SPP, SPM, SP2D);2;5;Musnah;Terbatas;Pejabat Pimpinan Tinggi Pratama;Biro Perencanaan dan Keuangan
KU.02.03;Pengelolaan Belanja Pegawai;2;3;Musnah;Terbatas;Pejabat Pimpinan Tinggi Pratama;Biro Perencanaan dan Keuangan
KU.02.04;Keterangan Penghasilan;1;2;Musnah;Terbatas;Pejabat Pimpinan Tinggi Pratama;Biro Perencanaan dan Keuangan
KU.02.05;SKPP;2;3;Musnah;Terbatas;Pejabat Pimpinan Tinggi Pratama;Biro Perencanaan dan Keuangan
KU.02.06;Laporan Arus Kas;2;5;Musnah;Terbatas;Pejabat Pimpinan Tinggi Pratama;Biro Perencanaan dan Keuangan
KU.02.07;Data Rekening Bendahara;2;3;Musnah;Terbatas;Pejabat Pimpinan Tinggi Pratama;Biro Perencanaan dan Keuangan
KU.03.01;Pengelolaan Perbendaharaan;2;3;Musnah;Terbatas;Pejabat Pimpinan Tinggi Pratama;Biro Perencanaan dan Keuangan
KU.03.02;KP4 (Kartu Pengawas Pembayaran Penghasilan Pegawai);2;3;Musnah;Terbatas;Pejabat Pimpinan Tinggi Pratama;Biro Perencanaan dan Keuangan
KU.03.03;Pajak;2;3;Musnah;Terbatas;Pejabat Pimpinan Tinggi Pratama;Biro Perencanaan dan Keuangan
KU.03.04;Penerimaan Non Pajak;2;3;Musnah;Terbatas;Pejabat Pimpinan Tinggi Pratama;Biro Perencanaan dan Keuangan
KU.03.05;Pengembalian Belanja;2;3;Musnah;Terbatas;Pejabat Pimpinan Tinggi Pratama;Biro Perencanaan dan Keuangan
KU.03.06;Laporan Pertanggungjawaban Bendahara;2;3;Musnah;Biasa/Terbuka;Pejabat Pimpinan Tinggi Pratama;Biro Perencanaan dan Keuangan
KU.03.07;Berita Acara Pemeriksaan Kas;2;3;Musnah;Terbatas;Pejabat Pimpinan Tinggi Pratama;Biro Perencanaan dan Keuangan
KU.03.08;Verifikasi Anggaran;2;3;Musnah;Terbatas;Pejabat Pimpinan Tinggi Pratama;Biro Perencanaan dan Keuangan
KU.04.01;Bantuan/Hibah/Pinjaman Luar Negeri - Kesanggupan Negara Donor;2;5;Permanen;Terbatas;Pejabat Pimpinan Tinggi Pratama;Biro Perencanaan dan Keuangan
KU.04.02;Bantuan/Hibah/Pinjaman Luar Negeri - Nota Kesepahaman (MoU);2;5;Permanen;Terbatas;Pejabat Pimpinan Tinggi Pratama;Biro Perencanaan dan Keuangan
KU.04.03;Bantuan/Hibah/Pinjaman Luar Negeri - Loan Agreement PHLN;2;5;Permanen;Terbatas;Pejabat Pimpinan Tinggi Pratama;Biro Perencanaan dan Keuangan
KU.05.06;Laporan Keuangan Tahunan (Audited);2;3;Permanen;Biasa/Terbuka;Pejabat Pimpinan Tinggi Pratama;Biro Perencanaan dan Keuangan, Balai Besar/Balai, Loka
KS.01.01;Kerja Sama Dalam Negeri Antar Instansi Pemerintah;1;3;Permanen;Terbatas;Pejabat Pimpinan Tinggi Pratama;Biro Kerja Sama dan Hubungan Masyarakat
KS.01.02;Kerja Sama Dalam Negeri dengan Organisasi Non Pemerintah;1;3;Permanen;Terbatas;Pejabat Pimpinan Tinggi Pratama;Biro Kerja Sama dan Hubungan Masyarakat
KS.02.01;Kerja Sama Luar Negeri Bilateral;1;3;Permanen;Terbatas;Pejabat Pimpinan Tinggi Pratama;Biro Kerja Sama dan Hubungan Masyarakat
KS.02.02;Kerja Sama Luar Negeri Multilateral;1;3;Permanen;Terbatas;Pejabat Pimpinan Tinggi Pratama;Biro Kerja Sama dan Hubungan Masyarakat
KS.02.03;Kerja Sama Luar Negeri Regional;1;3;Permanen;Terbatas;Pejabat Pimpinan Tinggi Pratama;Biro Kerja Sama dan Hubungan Masyarakat
HM.01;Komunikasi dan Publikasi;2;3;Musnah;Terbatas;Pejabat Pimpinan Tinggi Pratama;Biro Kerja Sama dan Hubungan Masyarakat
HM.02;Dengar Pendapat/Hearing DPR terkait BPOM;1;4;Permanen;Terbatas;Pejabat Pimpinan Tinggi Pratama;Pusat Analisis Kebijakan Obat dan Makanan
HM.03.01;Hubungan Antar Lembaga Negara;1;4;Musnah;Terbatas;Pejabat Pimpinan Tinggi Pratama;Biro Kerja Sama dan Hubungan Masyarakat
HM.03.02;Hubungan dengan Perusahaan;1;4;Musnah;Terbatas;Pejabat Pimpinan Tinggi Pratama;Biro Kerja Sama dan Hubungan Masyarakat
HM.03.03;Hubungan dengan Organisasi Kemasyarakatan;1;4;Musnah;Biasa/Terbuka;Pejabat Pimpinan Tinggi Pratama;Biro Kerja Sama dan Hubungan Masyarakat
HM.03.04;Hubungan dengan Perguruan Tinggi/Sekolah;1;2;Musnah;Biasa/Terbuka;Pejabat Pimpinan Tinggi Pratama;Biro Kerja Sama dan Hubungan Masyarakat
HM.03.05;Bakohumas;1;2;Musnah;Biasa/Terbuka;Pejabat Pimpinan Tinggi Pratama;Biro Kerja Sama dan Hubungan Masyarakat
HM.04.01;Upacara/Acara Kedinasan;1;3;Musnah;Biasa/Terbuka;Pejabat Pimpinan Tinggi Pratama;Biro Umum
HM.04.02;Kunjungan Dinas Pimpinan Lembaga;1;1;Permanen;Biasa/Terbuka;Pejabat Pimpinan Tinggi Pratama;Biro Umum
HM.04.03;Agenda Pimpinan BPOM;1;1;Musnah;Terbatas;Pejabat Pimpinan Tinggi Pratama;Biro Umum
HM.05;Penyiapan Dokumen Substansi Teknis Pimpinan;3;2;Musnah;Terbatas;Pejabat Pimpinan Tinggi Pratama;Pusat Analisis Kebijakan Obat dan Makanan
HM.06;Dokumentasi Hasil Liputan Kegiatan;1;3;Permanen;Biasa/Terbuka;Pejabat Pimpinan Tinggi Pratama;Biro Kerja Sama dan Hubungan Masyarakat
HM.07;Penerbitan dan Publikasi;1;3;Musnah;Biasa/Terbuka;Pejabat Pimpinan Tinggi Pratama;Biro Kerja Sama dan Hubungan Masyarakat
HM.08;Pameran/Sayembara/Lomba, Festival, Spanduk, dan Iklan;2;3;Musnah;Biasa/Terbuka;Pejabat Pimpinan Tinggi Pratama;Biro Hukum dan Organisasi
HM.09;Penghargaan/Tanda Kenang-kenangan;2;3;Permanen;Biasa/Terbuka;Pejabat Pimpinan Tinggi Pratama;Biro Umum
HM.10;Pemberian Ucapan;1;1;Musnah;Biasa/Terbuka;Pejabat Pimpinan Tinggi Pratama;Biro Kerja Sama dan Hubungan Masyarakat
HM.11;Pengelolaan Konten Website terkait berita aktual;2;2;Musnah;Biasa/Terbuka;Pejabat Pimpinan Tinggi Pratama;Biro Kerja Sama dan Hubungan Masyarakat
PL.01.01;Perencanaan Pengadaan Barang dan Jasa - Analisa Kebutuhan;2;3;Musnah;Biasa/Terbuka;Pejabat Pimpinan Tinggi Pratama;Biro Umum
PL.01.02;Daftar Penyedia Barang dan Jasa;2;3;Musnah;Biasa/Terbuka;Pejabat Pimpinan Tinggi Pratama;Biro Umum
PL.02;Pelaksanaan Pengadaan Barang dan Jasa;1;5;Musnah;Biasa/Terbuka;Pejabat Pimpinan Tinggi Pratama;Biro Umum
PL.03.01;Penatausahaan Barang Milik Negara (BMN);2;3;Musnah;Biasa/Terbuka;Pejabat Pimpinan Tinggi Pratama;Biro Umum
PL.03.09;Penghapusan BMN (SK dan Berita Acara);2;2;Permanen;Biasa/Terbuka;Pejabat Pimpinan Tinggi Pratama;Biro Umum
RT.01;Telekomunikasi;1;2;Musnah;Biasa/Terbuka;Pejabat Pimpinan Tinggi Pratama;Biro Umum
RT.02;Penggunaan Fasilitas Kantor;1;1;Musnah;Biasa/Terbuka;Pejabat Pimpinan Tinggi Pratama;Biro Umum
RT.03;Pengurusan Kendaraan Dinas;1;1;Musnah;Terbatas;Pejabat Pimpinan Tinggi Pratama;Biro Umum
RT.04;Pemeliharaan Gedung dan Bangunan;2;3;Musnah;Terbatas;Pejabat Pimpinan Tinggi Pratama;Biro Umum
RT.05;Renovasi Gedung dan Bangunan (Gambar Teknis/As Built Drawing);2;3;Permanen;Terbatas;Pejabat Pimpinan Tinggi Pratama;Biro Umum
RT.06;Pemeliharaan Fasilitas Kantor;1;1;Musnah;Biasa/Terbuka;Pejabat Pimpinan Tinggi Pratama;Biro Umum
RT.07;Pengelolaan Lingkungan dan Limbah;2;3;Musnah;Terbatas;Pejabat Pimpinan Tinggi Pratama;Biro Umum
RT.08;Ketertiban dan Keamanan;2;3;Musnah;Biasa/Terbuka;Pejabat Pimpinan Tinggi Pratama;Biro Umum
KA.01.01;Pengurusan Surat Masuk;2;3;Musnah;Biasa/Terbuka;Pejabat Pimpinan Tinggi Pratama;Biro Umum
KA.01.02;Pengurusan Surat Keluar;2;3;Musnah;Biasa/Terbuka;Pejabat Pimpinan Tinggi Pratama;Biro Umum
KA.02;Penyusunan Sistem Kearsipan (JRA);1;2;Permanen;Terbatas;Pejabat Pimpinan Tinggi Pratama;Biro Umum
KA.03;Pembinaan Kearsipan;2;3;Musnah;Terbatas;Pejabat Pimpinan Tinggi Pratama;Biro Umum
KA.04.01;Penataan Arsip;1;2;Musnah;Terbatas;Pejabat Pimpinan Tinggi Pratama;Biro Umum
KA.04.02;Pemindahan Arsip;1;2;Musnah;Terbatas;Pejabat Pimpinan Tinggi Pratama;Biro Umum
KA.04.03;Pemusnahan Arsip;2;3;Permanen;Biasa/Terbuka;Pejabat Pimpinan Tinggi Pratama;Biro Umum
KA.04.04;Penyerahan Arsip Statis;2;3;Permanen;Biasa/Terbuka;Pejabat Pimpinan Tinggi Pratama;Biro Umum
KA.05;Persetujuan Jadwal Retensi Arsip;1;2;Permanen;Biasa/Terbuka;Pejabat Pimpinan Tinggi Pratama;Biro Umum
KA.06;Layanan Kearsipan;1;2;Musnah;Biasa/Terbuka;Pejabat Pimpinan Tinggi Pratama;Biro Umum
PS.01.01;Pengadaan Bahan Pustaka;2;3;Musnah;Biasa/Terbuka;Pejabat Pimpinan Tinggi Pratama;Pusat Data dan Informasi Obat dan Makanan
PS.02;Sosialisasi Perpustakaan;2;1;Musnah;Biasa/Terbuka;Pejabat Pimpinan Tinggi Pratama;Pusat Data dan Informasi Obat dan Makanan
PS.03;Pengurusan ISBN/ISSN;2;3;Musnah;Biasa/Terbuka;Pejabat Pimpinan Tinggi Pratama;Pusat Data dan Informasi Obat dan Makanan
PS.04;Pengelolaan Bahan Pustaka;2;1;Musnah;Biasa/Terbuka;Pejabat Pimpinan Tinggi Pratama;Pusat Data dan Informasi Obat dan Makanan
PS.05;Layanan Pustaka;2;1;Musnah;Biasa/Terbuka;Pejabat Pimpinan Tinggi Pratama;Pusat Data dan Informasi Obat dan Makanan
TI.01.01;Tata Kelola Infrastruktur TIK;2;2;Permanen;Biasa/Terbuka;Pejabat Pimpinan Tinggi Pratama;Pusat Data dan Informasi Obat dan Makanan
TI.01.02;Standar Infrastruktur TIK;1;3;Permanen;Biasa/Terbuka;Pejabat Pimpinan Tinggi Pratama;Pusat Data dan Informasi Obat dan Makanan
TI.01.03;Pemenuhan Infrastruktur TIK;1;2;Musnah;Biasa/Terbuka;Pejabat Pimpinan Tinggi Pratama;Pusat Data dan Informasi Obat dan Makanan
TI.01.04;Tingkat Literasi TIK SDM;2;1;Musnah;Biasa/Terbuka;Pejabat Pimpinan Tinggi Pratama;Pusat Data dan Informasi Obat dan Makanan
TI.01.05;Keluhan layanan TIK;2;1;Musnah;Biasa/Terbuka;Pejabat Pimpinan Tinggi Pratama;Pusat Data dan Informasi Obat dan Makanan
TI.01.06;Pemeliharaan Infrastruktur TIK;2;1;Musnah;Biasa/Terbuka;Pejabat Pimpinan Tinggi Pratama;Pusat Data dan Informasi Obat dan Makanan
TI.02.01;Pengembangan Sistem E-Government;2;2;Permanen;Biasa/Terbuka;Pejabat Pimpinan Tinggi Pratama;Pusat Data dan Informasi Obat dan Makanan
TI.03.01;Data Berbagi Pakai;2;2;Musnah;Biasa/Terbuka;Pejabat Pimpinan Tinggi Pratama;Pusat Data dan Informasi Obat dan Makanan
TI.03.02;Data dan Informasi yang Mutakhir;3;2;Musnah;Biasa/Terbuka;Pejabat Pimpinan Tinggi Pratama;Pusat Data dan Informasi Obat dan Makanan
TI.03.03;Standar Tata Kelola Data;1;5;Permanen;Biasa/Terbuka;Pejabat Pimpinan Tinggi Pratama;Pusat Data dan Informasi Obat dan Makanan
TI.03.04;Pemeliharaan BPOM Operational Center;2;2;Musnah;Biasa/Terbuka;Pejabat Pimpinan Tinggi Pratama;Pusat Data dan Informasi Obat dan Makanan
TI.03.05;Pemeliharaan Layanan Contact Center;2;2;Musnah;Biasa/Terbuka;Pejabat Pimpinan Tinggi Pratama;Pusat Data dan Informasi Obat dan Makanan
TI.03.06;Back Office Contact Center;2;2;Musnah;Terbatas;Pejabat Pimpinan Tinggi Pratama;Pusat Data dan Informasi Obat dan Makanan
TI.03.07;Pengelolaan Data;2;2;Musnah;Terbatas;Pejabat Pimpinan Tinggi Pratama;Pusat Data dan Informasi Obat dan Makanan
TI.04.01;Pemenuhan BCM (Business Continuity Management);1;2;Musnah;Terbatas;Pejabat Pimpinan Tinggi Pratama;Pusat Data dan Informasi Obat dan Makanan
TI.04.02;Indeks CSIRT (Cyber Security Incident Response Team);2;2;Musnah;Terbatas;Pejabat Pimpinan Tinggi Pratama;Pusat Data dan Informasi Obat dan Makanan
TI.04.03;Standar Keamanan TIK;1;3;Permanen;Biasa/Terbuka;Pejabat Pimpinan Tinggi Pratama;Pusat Data dan Informasi Obat dan Makanan
TI.04.04;Pemeliharaan Gateway Tanda Tangan Elektronik;2;1;Musnah;Terbatas;Pejabat Pimpinan Tinggi Pratama;Pusat Data dan Informasi Obat dan Makanan
TI.04.05;Standar Sistem Informasi;1;3;Permanen;Biasa/Terbuka;Pejabat Pimpinan Tinggi Pratama;Pusat Data dan Informasi Obat dan Makanan
TI.04.06;Sistem Pemerintahan Berbasis Elektronik BPOM;1;2;Musnah;Biasa/Terbuka;Pejabat Pimpinan Tinggi Pratama;Pusat Data dan Informasi Obat dan Makanan
TI.04.07;Masterplan TIK;1;5;Permanen;Terbatas;Pejabat Pimpinan Tinggi Pratama;Pusat Data dan Informasi Obat dan Makanan
TI.05;Monitoring, Evaluasi dan Pelaporan TIK;2;3;Musnah;Biasa/Terbuka;Pejabat Pimpinan Tinggi Pratama;Pusat Data dan Informasi Obat dan Makanan
PB.01.01;Penyusunan Standar Kompetensi SDM;1;1;Permanen;Biasa/Terbuka;Pejabat Pimpinan Tinggi Pratama;Pusat Pengembangan SDM Pengawasan Obat dan Makanan
PB.01.02;Penyusunan Kurikulum Diklat;1;4;Musnah;Biasa/Terbuka;Pejabat Pimpinan Tinggi Pratama;Pusat Pengembangan SDM Pengawasan Obat dan Makanan
PB.01.03;Penilaian Kompetensi Teknis;2;3;Musnah;Terbatas;Pejabat Pimpinan Tinggi Pratama;Pusat Pengembangan SDM Pengawasan Obat dan Makanan
PB.01.04;Penilaian Kompetensi Manajerial;2;3;Musnah;Terbatas;Pejabat Pimpinan Tinggi Pratama;Pusat Pengembangan SDM Pengawasan Obat dan Makanan
PB.01.05;Ujian Dinas dan Ujian Kenaikan Pangkat;2;3;Musnah;Terbatas;Pejabat Pimpinan Tinggi Pratama;Pusat Pengembangan SDM Pengawasan Obat dan Makanan
PB.01.06;Sertifikasi Kompetensi;2;3;Musnah;Terbatas;Pejabat Pimpinan Tinggi Pratama;Pusat Pengembangan SDM Pengawasan Obat dan Makanan
PB.02.01;Penyelenggaraan Pendidikan dan Pelatihan;2;3;Musnah;Terbatas;Pejabat Pimpinan Tinggi Pratama;Pusat Pengembangan SDM Pengawasan Obat dan Makanan
PB.02.02;Keikutsertaan Pendidikan dan Pelatihan;1;4;Musnah;Terbatas;Pejabat Pimpinan Tinggi Pratama;Pusat Pengembangan SDM Pengawasan Obat dan Makanan
PB.02.03;Pendidikan Lanjutan SDM;1;4;Musnah;Terbatas;Pejabat Pimpinan Tinggi Pratama;Pusat Pengembangan SDM Pengawasan Obat dan Makanan
PB.03.01;Penilaian Angka Kredit/Kinerja Pengawas Farmasi Obat dan Makanan (PFM);1;9;Musnah;Terbatas;Pejabat Pimpinan Tinggi Pratama;Pusat Pengembangan SDM Pengawasan Obat dan Makanan
PB.03.02;Pelatihan Penyuluh Keamanan Pangan dan District Food Inspector;2;3;Musnah;Biasa/Terbuka;Pejabat Pimpinan Tinggi Pratama;Pusat Pengembangan SDM Pengawasan Obat dan Makanan
PI.01.01;Program Kerja Pengawasan Tahunan (PKPT);2;2;Musnah;Biasa/Terbuka;Pejabat Pimpinan Tinggi Pratama;Inspektorat I dan II
PI.01.02;Rencana Kerja Pengawasan Tahunan (RKPT);2;2;Musnah;Biasa/Terbuka;Pejabat Pimpinan Tinggi Pratama;Inspektorat I dan II
PI.01.03;Rencana Induk Pengawasan (RIP);1;1;Permanen;Biasa/Terbuka;Pejabat Pimpinan Tinggi Pratama;Inspektorat I dan II
PI.02.01;Audit Kinerja/Audit Operasional;2;2;Musnah;Terbatas;Pejabat Pimpinan Tinggi Pratama;Inspektorat I dan II
PI.02.03;Audit dengan tujuan tertentu;2;1;Musnah;Rahasia;Pejabat Pimpinan Tinggi Madya;Inspektorat I dan II
PI.02.04;Audit internal QMS ISO 9001:2015;2;2;Musnah;Terbatas;Pejabat Pimpinan Tinggi Pratama;Inspektorat I dan II
PI.03.01;Reviu Laporan Keuangan;2;2;Musnah;Terbatas;Pejabat Pimpinan Tinggi Pratama;Inspektorat I dan II
PI.03.02;Reviu RKA-K/L;2;2;Musnah;Terbatas;Pejabat Pimpinan Tinggi Pratama;Inspektorat I dan II
PI.03.03;Reviu RKBMN;2;2;Musnah;Terbatas;Pejabat Pimpinan Tinggi Pratama;Inspektorat I dan II
PI.04;Evaluasi AKIP;2;2;Musnah;Terbatas;Pejabat Pimpinan Tinggi Pratama;Inspektorat I dan II
PI.05;Pemantauan Tindak Lanjut Hasil Pengawasan Internal;2;2;Musnah;Terbatas;Pejabat Pimpinan Tinggi Pratama;Inspektorat I dan II
PI.06.01;Reformasi Birokrasi (Pengawasan);2;2;Musnah;Biasa/Terbuka;Pejabat Pimpinan Tinggi Pratama;Inspektorat I dan II
PI.06.02;Gratifikasi;2;2;Musnah;Terbatas;Pejabat Pimpinan Tinggi Pratama;Inspektorat I dan II
PI.06.03;Benturan Kepentingan;2;2;Musnah;Terbatas;Pejabat Pimpinan Tinggi Pratama;Inspektorat I dan II
PI.06.04;Pencegahan Maladministrasi dan Penyelesaian Pengaduan Masyarakat;2;2;Musnah;Rahasia;Pejabat Pimpinan Tinggi Madya;Inspektorat I dan II
PI.06.05;Whistleblowing System;2;2;Musnah;Rahasia;Pejabat Pimpinan Tinggi Madya;Inspektorat I dan II
PI.06.06;Zona Integritas (WBK/WBBM);2;2;Musnah;Biasa/Terbuka;Pejabat Pimpinan Tinggi Pratama;Inspektorat I dan II
PI.06.07;Sistem Pengendalian Intern Pemerintah (Manajemen Risiko);2;2;Musnah;Biasa/Terbuka;Pejabat Pimpinan Tinggi Pratama;Inspektorat I dan II
PI.06.08;Kapabilitas APIP (Internal Audit Capability Model - IACM);2;2;Musnah;Biasa/Terbuka;Pejabat Pimpinan Tinggi Pratama;Inspektorat I dan II
PI.06.09;LHKPN / LHKASN;2;2;Musnah;Biasa/Terbuka;Pejabat Pimpinan Tinggi Pratama;Inspektorat I dan II
PI.06.10;Konsultasi, Asistensi, Pendampingan Pengawasan Intern;2;2;Musnah;Biasa/Terbuka;Pejabat Pimpinan Tinggi Pratama;Inspektorat I dan II
RK.01;Penyusunan Rencana Induk Analisis Kebijakan;1;2;Musnah;Biasa/Terbuka;Pejabat Pimpinan Tinggi Pratama;Pusat Analisis Kebijakan Obat dan Makanan
RK.02;Laporan hasil analisis kebijakan;3;2;Permanen;Terbatas;Pejabat Pimpinan Tinggi Pratama;Pusat Analisis Kebijakan Obat dan Makanan
RK.03;Monitoring dan Evaluasi Analisis Kebijakan;3;1;Musnah;Terbatas;Pejabat Pimpinan Tinggi Pratama;Pusat Analisis Kebijakan Obat dan Makanan
RK.04;Diseminasi Hasil Analisis Kebijakan;3;1;Musnah;Biasa/Terbuka;Pejabat Pimpinan Tinggi Pratama;Pusat Analisis Kebijakan Obat dan Makanan
SD.01.01;Standardisasi ONPPZA - Pengumpulan Data dan Pengkajian Pustaka;3;2;Musnah;Biasa/Terbuka;Pejabat Pimpinan Tinggi Pratama;Direktorat Standardisasi ONPP, dan Zat Adiktif
SD.01.06;Peraturan/standar/pedoman Standardisasi ONPPZA;1;2;Permanen;Biasa/Terbuka;Pejabat Pimpinan Tinggi Pratama;Direktorat Standardisasi ONPP, dan Zat Adiktif
SD.01.07;Hasil Pengkajian Obat, Narkotika, Psikotropika, Prekursor, dan Zat Adiktif;3;2;Permanen;Terbatas;Pejabat Pimpinan Tinggi Pratama;Direktorat Standardisasi ONPP, dan Zat Adiktif
SD.02.08;Peraturan/standar/pedoman Standardisasi OTSK KOS;1;2;Permanen;Biasa/Terbuka;Pejabat Pimpinan Tinggi Pratama;Direktorat Standardisasi OTSK KOS
SD.03.06;Peraturan/standar/pedoman Standardisasi Pangan Olahan;1;2;Permanen;Biasa/Terbuka;Pejabat Pimpinan Tinggi Pratama;Direktorat Standardisasi Pangan Olahan
RG.01.02;Evaluasi Registrasi Obat (Baru, Produk Biologi, Generik);1;2;Musnah;Terbatas;Pejabat Pimpinan Tinggi Pratama;Direktorat Registrasi Obat
RG.01.04;Data Induk Nomor Izin Edar (NIE) Obat;1;2;Permanen;Terbatas;Pejabat Pimpinan Tinggi Pratama;Direktorat Registrasi Obat
RG.02.03;Data Induk Nomor Izin Edar (NIE) Kosmetik;1;2;Permanen;Biasa/Terbuka;Pejabat Pimpinan Tinggi Pratama;Direktorat Registrasi OTSK KOS
RG.03.07;Data Induk Nomor Izin Edar (NIE) Pangan Olahan;1;2;Permanen;Biasa/Terbuka;Pejabat Pimpinan Tinggi Pratama;Direktorat Registrasi Pangan Olahan
PW.01.01;Pelaksanaan Inspeksi Sarana Produksi ONPPZA;1;2;Musnah;Terbatas;Pejabat Pimpinan Tinggi Pratama;Direktorat Pengawasan Produksi Obat, Narkotika, Psikotropika dan Prekursor
PW.01.09;Rekomendasi Pencabutan Izin PBF;2;3;Permanen;Rahasia;Pejabat Pimpinan Tinggi Madya;Direktorat Pengawasan Produksi Obat, Narkotika, Psikotropika dan Prekursor, Direktorat Pengawasan Distribusi, Direktorat KMEI
PW.02.02;Laporan Hasil Pengawasan Kasus Sarana OTSK Skala Nasional;1;2;Permanen;Rahasia;Pejabat Pimpinan Tinggi Madya;Direktorat Pengawasan OTSK
PW.04.01;Pengawasan Sarana Produksi Pangan Olahan;3;2;Musnah;Terbatas;Pejabat Pimpinan Tinggi Pratama;Direktorat Pengawasan Produksi Pangan Olahan dan Direktorat Pengawasan Peredaran Pangan Olahan
PM.01.01;Peningkatan Peran Pemerintah Daerah (Pemberdayaan OTSK);2;3;Musnah;Terbatas;Pejabat Pimpinan Tinggi Pratama;Direktorat Pemberdayaan Masyarakat dan Pelaku Usaha OT, SK, Kos, Balai Besar/Balai, LOKA
PM.02.01;Advokasi Pangan;2;3;Musnah;Biasa/Terbuka;Pejabat Pimpinan Tinggi Pratama;Direktorat Pemberdayaan Masyarakat dan Pelaku Usaha Pangan Olahan
PD.01.01;Penetapan Pedoman Cegah Tangkal;2;2;Permanen;Biasa/Terbuka;Pejabat Pimpinan Tinggi Pratama;Direktorat Cegah Tangkal
PD.01.02;Hasil Analisis Verifikasi Data Rawan Kasus;2;2;Permanen;Terbatas;Pejabat Pimpinan Tinggi Pratama;Direktorat Cegah Tangkal
PD.02.01;Penyusunan Informasi Intelijen Dasar/Basic Descriptive Intelligence (BDI);2;2;Musnah;Rahasia;Pejabat Pimpinan Tinggi Madya;Direktorat Intelijen Obat dan Makanan
PD.02.02;Kegiatan Intelijen - Laporan Informasi;2;3;Musnah;Rahasia;Pejabat Pimpinan Tinggi Madya;Direktorat Intelijen Obat dan Makanan
PD.02.03;Rencana Operasi Intelijen;2;3;Musnah;Terbatas;Pejabat Pimpinan Tinggi Pratama;Direktorat Intelijen Obat dan Makanan
PD.02.04;Operasi Intelijen - Laporan Intelijen;2;3;Musnah;Rahasia;Pejabat Pimpinan Tinggi Madya;Direktorat Intelijen Obat dan Makanan
PD.03.01;Laporan Pendalaman Informasi Tindak Pidana;2;2;Musnah;Rahasia;Pejabat Pimpinan Tinggi Madya;Direktorat Penyidikan Obat dan Makanan
PD.03.03;Pembuatan Berkas Perkara (P19, P21, Putusan Hakim);1;5;Musnah;Rahasia;Pejabat Pimpinan Tinggi Madya;Direktorat Penyidikan Obat dan Makanan
PD.04.01;Pemantauan Peredaran Obat dan Makanan Melalui Siber;2;3;Musnah;Rahasia;Pejabat Pimpinan Tinggi Madya;Direktorat Siber Obat dan Makanan
PD.04.03;Laporan hasil analisis digital forensik;2;3;Musnah;Rahasia;Pejabat Pimpinan Tinggi Madya;Direktorat Siber Obat dan Makanan
PP.01.01;Kegiatan Pelayanan Pengujian Obat dan Makanan;2;3;Musnah;Rahasia;Pejabat Pimpinan Tinggi Madya;Pusat Pengembangan Pengujian Obat dan Makanan Nasional
PP.02;Pedoman Metode Analisis;2;3;Permanen;Terbatas;Pejabat Pimpinan Tinggi Pratama;Pusat Pengembangan Pengujian Obat dan Makanan Nasional
PP.03.01;Hasil Pengembangan Baku Pembanding (Sertifikat & Laporan Analisa);2;3;Permanen;Rahasia;Pejabat Pimpinan Tinggi Madya;Pusat Pengembangan Pengujian Obat dan Makanan Nasional
PP.06;Uji Profisiensi/Uji Banding;2;3;Musnah;Rahasia;Pejabat Pimpinan Tinggi Madya;Pusat Pengembangan Pengujian Obat dan Makanan Nasional